PRAGMA foreign_keys = ON;

INSERT INTO Country (Country_id, Name) VALUES
                                           (4, 'Andorra'),
                                           (5, 'Angola'),
                                           (7, 'Argentina'),
                                           (9, 'Australia'),
                                           (10, 'Austria'),
                                           (17, 'Belgium'),
                                           (21, 'Bolivia'),
                                           (24, 'Brazil'),
                                           (29, 'Cabo Verde'),
                                           (32, 'Canada'),
                                           (60, 'France'),
                                           (61, 'Gabon'),
                                           (62, 'Gambia'),
                                           (63, 'Georgia'),
                                           (64, 'Germany'),
                                           (76, 'India'),
                                           (80, 'Ireland'),
                                           (81, 'Israel'),
                                           (82, 'Italy'),
                                           (83, 'Jamaica'),
                                           (98, 'Liechtenstein'),
                                           (99, 'Lithuania'),
                                           (100, 'Luxembourg'),
                                           (101, 'Madagascar'),
                                           (102, 'Malawi'),
                                           (103, 'Malaysia'),
                                           (104, 'Maldives'),
                                           (105, 'Mali'),
                                           (106, 'Malta'),
                                           (107, 'Marshall Islands'),
                                           (108, 'Mauritania'),
                                           (109, 'Mauritius'),
                                           (110, 'Mexico'),
                                           (111, 'Micronesia'),
                                           (112, 'Moldova'),
                                           (113, 'Monaco'),
                                           (114, 'Mongolia'),
                                           (115, 'Montenegro'),
                                           (116, 'Morocco'),
                                           (117, 'Mozambique'),
                                           (118, 'Myanmar (Burma)'),
                                           (119, 'Namibia'),
                                           (120, 'Nauru'),
                                           (121, 'Nepal'),
                                           (122, 'Netherlands'),
                                           (123, 'New Zealand'),
                                           (138, 'Portugal'),
                                           (140, 'Romania'),
                                           (141, 'Russia'),
                                           (146, 'Samoa'),
                                           (147, 'San Marino'),
                                           (148, 'Sao Tome and Principe'),
                                           (149, 'Saudi Arabia'),
                                           (158, 'Somalia'),
                                           (159, 'South Africa'),
                                           (160, 'South Sudan'),
                                           (161, 'Spain'),
                                           (162, 'Sri Lanka'),
                                           (163, 'Sudan'),
                                           (164, 'Suriname'),
                                           (165, 'Sweden'),
                                           (166, 'Switzerland'),
                                           (167, 'Syria'),
                                           (168, 'Taiwan'),
                                           (169, 'Tajikistan'),
                                           (170, 'Tanzania'),
                                           (171, 'Thailand'),
                                           (172, 'Togo'),
                                           (173, 'Tonga'),
                                           (174, 'Trinidad and Tobago'),
                                           (175, 'Tunisia'),
                                           (176, 'Turkey'),
                                           (177, 'Turkmenistan'),
                                           (178, 'Tuvalu'),
                                           (179, 'Uganda'),
                                           (180, 'Ukraine'),
                                           (181, 'United Arab Emirates'),
                                           (182, 'United Kingdom'),
                                           (183, 'United States'),
                                           (184, 'Uruguay'),
                                           (185, 'Uzbekistan'),
                                           (186, 'Vanuatu'),
                                           (187, 'Vatican City'),
                                           (188, 'Venezuela'),
                                           (189, 'Vietnam'),
                                           (190, 'Yemen'),
                                           (191, 'Zambia'),
                                           (192, 'Zimbabwe');

INSERT INTO User (User_id, Name, Date_of_birth, Email, Country_id) VALUES
                                                                       (1, 'Lucas', '2003-12-15', 'lusquinha.greco.com', 24),
                                                                       (2, 'Pedro', '2000-02-12', 'pedromedei12@gmail.com', 12),
                                                                       (3, 'Maradona', '1950-01-10', 'omaradonaoficial@gmail.com', 7),
                                                                       (4, 'Cristiano Ronaldo', '1966-04-03', 'cr7pro@gmail.com', 138),
                                                                       (5, 'José', '1999-03-10', 'josépereira@globo.com', 123),
                                                                       (6, 'José', '1959-04-12', 'josedasilva@outlook.com', 13),
                                                                       (7, 'Mariana', '1985-08-20', 'mariana@gmail.com', 45),
                                                                       (8, 'Carlos', '2001-11-25', 'carlinhos@yahoo.com', 56),
                                                                       (9, 'Ana', '1978-06-14', 'ana.smith@hotmail.com', 89),
                                                                       (10, 'Rafael', '1990-09-30', 'rafael_30@gmail.com', 32),
                                                                       (11, 'Isabela', '1982-03-05', 'isabela87@gmail.com', 18),
                                                                       (12, 'Luis', '2005-07-12', 'luisjr@gmail.com', 76),
                                                                       (13, 'Amanda', '1993-12-08', 'amanda.official@gmail.com', 54),
                                                                       (14, 'Gabriel', '1989-02-18', 'gabriel456@gmail.com', 109),
                                                                       (15, 'Beatriz', '2002-05-22', 'beatriz.smith@yahoo.com', 87),
                                                                       (16, 'Roberto', '1975-04-29', 'robertomtocool@hotmail.com', 21),
                                                                       (17, 'Clara', '1980-10-15', 'clara@gmail.com', 43),
                                                                       (18, 'Luciana', '1998-11-09', 'lucinha@gmail.com', 76),
                                                                       (19, 'Victor', '2000-01-03', 'vector13@yahoo.com', 32),
                                                                       (20, 'Fernanda', '1987-07-18', 'ferndancio@hotmail.com', 54),
                                                                       (21, 'Diego', '1992-09-22', 'diegosouza@gmail.com', 4), -- Andorra
                                                                       (22, 'Angela', '1988-05-12', 'angelareal@yahoo.com', 5), -- Angola
                                                                       (23, 'Ariel', '1977-03-18', 'ariel2020@hotmail.com', 7), -- Argentina
                                                                       (24, 'Alice', '2000-12-05', 'alicemoreai@gmail.com', 9), -- Australia
                                                                       (25, 'Albert', '1985-08-29', 'albertsilva@yahoo.com', 10), -- Austria
                                                                       (26, 'Brenda', '1995-06-14', 'brenda.cool@gmail.com', 60), -- France
                                                                       (27, 'Gustavo', '1990-04-02', 'gustavozin@gmail.com', 61), -- Gabon
                                                                       (28, 'Giselle', '1982-11-15', 'giselle.ella@gmail.com', 62), -- Gambia
                                                                       (29, 'George', '1971-07-20', 'george.curioso@yahoo.com', 63), -- Georgia
                                                                       (30, 'Grace', '1989-02-28', 'grace123.jorge@hotmail.com', 64), -- Germany
                                                                       (31, 'Ivan', '1987-06-18', 'ivansouza202@gmail.com', 76), -- India
                                                                       (32, 'Isaac', '1994-09-10', 'isaacnewtons@yahoo.com', 80), -- Ireland
                                                                       (33, 'Ivy', '2001-01-25', 'ivy.kujo@gmail.com', 81), -- Israel
                                                                       (34, 'Ian', '1998-07-12', 'ian.joestar@gmail.com', 82), -- Italy
                                                                       (35, 'James', '1983-12-03', 'jamesmagalhaes@gmail.com', 83), -- Jamaica
                                                                       (36, 'Liam', '1975-06-25', 'liamn.nelson@yahoo.com', 98), -- Liechtenstein
                                                                       (37, 'Laura', '1980-09-18', 'laura.pagani@hotmail.com', 99), -- Lithuania
                                                                       (38, 'Lucas', '1972-05-14', 'lucasjorgeso2@gmail.com', 100), -- Luxembourg
                                                                       (39, 'Mia', '1993-11-09', 'miamoraisslva@yahoo.com', 101), -- Madagascar
                                                                       (40, 'Marco', '1988-01-03', 'marcaottc@gmail.com', 102), -- Malawi
                                                                       (41, 'Megan', '1995-07-08', 'meganwolf@hotmail.com', 103), -- Malaysia
                                                                       (42, 'Max', '1981-04-15', 'maxpalan2023@gmail.com', 104), -- Maldives
                                                                       (43, 'Martin', '1979-10-28', 'martinlutter.king@gmail.com', 105), -- Mali
                                                                       (44, 'Mila', '1996-03-14', 'milamora2@yahoo.com', 106), -- Malta
                                                                       (45, 'Nathan', '1986-08-20', 'nathandrake@gmail.com', 107), -- Marshall Islands
                                                                       (46, 'Natalie', '1999-02-10', 'natalietardin@yahoo.com', 108), -- Mauritania
                                                                       (47, 'Noah', '1973-11-05', 'noah@gmail.com', 109), -- Mauritius
                                                                       (48, 'Olivia', '1984-07-30', 'olivia2@hotmail.com', 110), -- Mexico
                                                                       (49, 'Owen', '1992-12-18', 'owenjose@gmail.com', 111), -- Micronesia
                                                                       (50, 'Oscar', '1987-06-22', 'oscarniemarew@gmail.com', 112), -- Moldova
                                                                       (51, 'Oliver', '1980-03-09', 'jonatahan@yahoo.com', 113), -- Monaco
                                                                       (52, 'Omar', '1997-09-17', 'luketheguy@gmail.com', 114), -- Mongolia
                                                                       (53, 'Olga', '1982-04-24', 'olgafogla@yahoo.com', 115), -- Montenegro
                                                                       (54, 'Oscar', '1978-01-18', 'oscarmusca@hotmail.com', 116), -- Morocco
                                                                       (55, 'Olivia', '1990-08-03', 'oliveria.oliva@gmail.com', 117), -- Mozambique
                                                                       (56, 'Oscar', '1994-03-28', 'oscataro4@gmail.com', 118), -- Myanmar (Burma)
                                                                       (57, 'Oliver', '1988-10-13', 'olive.peira@gmail.com', 119), -- Namibia
                                                                       (58, 'Olivia', '1997-05-22', 'oliviareinbold@yahoo.com', 120), -- Nauru
                                                                       (59, 'Owen', '1985-11-09', 'owenmaio@gmail.com', 121), -- Nepal
                                                                       (60, 'Oliver', '1992-07-16', 'pikachu20saidin@gmail.com', 122), -- Netherlands
                                                                       (61, 'Olivia', '1983-02-12', 'onomatopeia@yahoo.com', 123), -- New Zealand
                                                                       (62, 'Pedro', '2002-12-05', 'pedropagao@gmail.com', 138), -- Portugal
                                                                       (63, 'Paul', '1977-06-18', 'paulcr7fan@gmail.com', 140), -- Romania
                                                                       (64, 'Peter', '1991-03-22', 'griffinhater@hotmail.com', 141), -- Russia
                                                                       (65, 'Sofia', '1986-10-10', 'sofis.ticado@gmail.com', 146), -- Samoa
                                                                       (66, 'Samuel', '1998-08-15', 'samuelljacksonsun@yahoo.com', 147), -- San Marino
                                                                       (67, 'Sara', '2000-05-30', 'sara_sarada@gmail.com', 148), -- Sao Tome and Principe
                                                                       (68, 'Salman', '1982-03-25', 'salmao@gmail.com', 149), -- Saudi Arabia
                                                                       (69, 'Samantha', '1975-11-18', 'samandata@hotmail.com', 158); --Somalia


/*esses nomes sao em portugues devemos colocar outros?*/
INSERT INTO Platform (Platform_id, Platform_name) VALUES
                                                      (1, 'Spotify'),
                                                      (2, 'Youtube');

INSERT INTO Author (Author_id, Name, Country_id) VALUES
                                                     (1, 'lil nas x', 183 ),
                                                     (2, 'Bruce Dickinson', 182 ),
                                                     (3, 'Beyoncé', 183),
                                                     (4, 'Ed Sheeran', 182),
                                                     (5, 'Adele', 182),
                                                     (6, 'Taylor Swift', 183),
                                                     (7, 'Kanye West', 183),
                                                     (8, 'Ariana Grande', 183),
                                                     (9, 'Drake', 183),
                                                     (10, 'Rihanna', 183),
                                                     (11, 'Justin Bieber', 183),
                                                     (12, 'Shakira', 7),
                                                     (13, 'Eminem', 183),
                                                     (14, 'Lady Gaga', 183),
                                                     (15, 'Bruno Mars', 183),
                                                     (16, 'John Lennon', 183),
                                                     (17, 'Freddie Mercury', 182),
                                                     (18, 'Elton John', 183),
                                                     (19, 'Bob Marley', 192),
                                                     (20, 'Whitney Houston', 183),
                                                     (21, 'Carlos Vives', 38),
                                                     (22, 'Celine Dion', 39),
                                                     (23, 'Seo Taiji', 90),
                                                     (24, 'Tarkan', 186),
                                                     (25, 'Juanes', 38),
                                                     (26, 'ABBA', 60),
                                                     (27, 'Santana', 154),
                                                     (28, 'Björk', 61),
                                                     (29, 'M.I.A.', 86),
                                                     (30, 'Fela Kuti', 191),
                                                     (31, 'Michael Jackson', 183),      -- Cantor
                                                     (32, 'Queen', 182),                 -- Banda
                                                     (33, 'David Bowie', 182),           -- Cantor
                                                     (34, 'Adele', 183),                 -- Cantora
                                                     (35, 'Metallica', 154),             -- Banda
                                                     (36, 'Shawn Mendes', 182),          -- Cantor
                                                     (37, 'Pink Floyd', 182),            -- Banda
                                                     (38, 'Guns N Roses', 183),         -- Banda
                                                     (39, 'Alicia Keys', 183),           -- Cantora
                                                     (40, 'Led Zeppelin', 182),          -- Banda
                                                     (41, 'Jay-Z', 183),                 -- Cantor
                                                     (42, 'The Rolling Stones', 182),    -- Banda
                                                     (43, 'Coldplay', 182),              -- Banda
                                                     (44, 'Billie Eilish', 183),         -- Cantora
                                                     (45, 'Red Hot Chili Peppers', 154), -- Banda
                                                     (46, 'The Weeknd', 183),           -- Cantor
                                                     (47, 'Maroon 5', 183),              -- Banda
                                                     (49, 'Eagles', 154),                -- Banda
                                                     (51, 'U2', 182),                    -- Banda
                                                     (56, 'Frank Sinatra', 183),         -- Cantor
                                                     (57, 'Green Day', 154),             -- Banda
                                                     (61, 'Oasis', 182),                 -- Banda
                                                     (63, 'Bob Dylan', 183),             -- Cantor
                                                     (64, 'Madonna', 183),               -- Cantora
                                                     (65, 'Radiohead', 182),             -- Banda
                                                     (66, 'Image Dragons', 183),
                                                     (67, 'Mc Poze do Rodo', 24),
                                                     (68, 'Orochi', 24),
                                                     (69, 'Chefin', 24),
                                                     (70, 'Matuê', 24),
                                                     (71, 'Wiu', 24),
                                                     (72, 'Teto', 24),
                                                     (73, 'Felipe Ret', 24);

INSERT INTO Solo_artist (Solo_artist_id, Date_of_birth, Author_id) VALUES
                                                                       (1, '1999-04-09', 1),
                                                                       (2, '1998-05-05', 5),
                                                                       (3, '1990-03-15', 3),
                                                                       (4, '1991-11-20', 6),
                                                                       (5, '1985-06-08', 7),
                                                                       (6, '1986-06-26', 8),
                                                                       (7, '1986-10-24', 9),
                                                                       (8, '1988-02-20', 10),
                                                                       (9,'1994-03-01', 11),
                                                                       (10, '1985-10-08', 15),
                                                                       (21, '1958-08-07', 2),
                                                                       (22, '1981-09-04', 4),
                                                                       (23, '1988-05-05', 13),
                                                                       (24, '1986-03-28', 14),
                                                                       (25, '1975-10-08', 16),
                                                                       (11, '1980-03-24', 12),   -- Shakira
                                                                       (12, '1972-10-17', 17),   -- Freddie Mercury
                                                                       (13, '1947-03-25', 18),   -- Elton John
                                                                       (14, '1945-09-05', 21),   -- Carlos Vives
                                                                       (15, '1968-03-30', 22),   -- Celine Dion
                                                                       (16, '1960-09-06', 27),   -- Santana
                                                                       (17, '1975-07-18', 28),   -- Björk
                                                                       (18, '1975-09-18', 29),   -- M.I.A.
                                                                       (19, '1938-10-15', 30),   -- Fela Kuti
                                                                       (26, '1958-08-29', 31),   -- Michael Jackson
                                                                       (27, '1946-09-05', 33),   -- David Bowie
                                                                       (28, '1993-02-01', 36),   -- Shawn Mendes
                                                                       (29, '1981-01-25', 39),   -- Alicia Keys
                                                                       (30, '1981-12-04', 41),   -- Jay-Z
                                                                       (31, '1981-03-13', 44),   -- Billie Eilish
                                                                       (32, '1990-02-16', 46),   -- The Weeknd
                                                                       (33, '1965-12-18', 56),   -- Frank Sinatra
                                                                       (34, '1981-08-21', 58),   -- Ariana Grande
                                                                       (35, '1983-06-11', 62),   -- Drake
                                                                       (36, '1941-05-24', 63),   -- Bob Dylan
                                                                       (37, '1958-08-16', 64),   -- Madonna
                                                                       (38, '1999-02-05', 67),   -- poze
                                                                       (39, '1999-03-24', 68),   -- orochi
                                                                       (40, '2004-03-24', 69),   -- chefin
                                                                       (41, '1993-10-11', 70),   -- matue
                                                                       (42, '2002-02-16', 71),   -- wiu
                                                                       (43, '2001-10-19', 72),   -- teto
                                                                       (44, '1985-06-19', 73);   -- felipe ret

INSERT INTO Music (Music_id, Name, Duration, Language, Single, Author_id, Genre_id, Album_id) VALUES
                                                                                                  (1, 'OldTownRoad', 158, 'English', true, 1, 2, NULL),
                                                                                                  (2, 'Set Fire to the Rain', 367, 'English', true, 5, 2, NULL),
                                                                                                  (3, 'Numb', 187, 'English', false, 13, 13, 3),
                                                                                                  (4, 'Shape of You', 234, 'English', false, 4, 2, 9),
                                                                                                  (5, 'Hello', 295, 'English', false, 12, 15, 11),
                                                                                                  (6, 'Shallow', 215, 'English', false, 14, 15, 14),
                                                                                                  (7, 'Bohemian Rhapsody', 355, 'English', true, 32, 1, NULL),
                                                                                                  (8, 'Smells Like Teen Spirit', 301, 'English', true, 35, 13, NULL),
                                                                                                  (9, 'Blinding Lights', 201, 'English', true, 46, 2, NULL),
                                                                                                  (10, 'Rolling in the Deep', 228, 'English', true, 11, 15, NULL),
                                                                                                  (11, 'Billie Jean', 294, 'English', false, 1, 15, 1),
                                                                                                  (12, 'Uptown Funk', 270, 'English', false, 15, 15, 15),
                                                                                                  (13, 'Stairway to Heaven', 480, 'English', true, 40, 1, NULL),
                                                                                                  (14, 'WAP', 187, 'English', true, 7, 3, NULL),
                                                                                                  (15, 'Despacito', 228, 'Spanish', true, 21, 19, NULL),
                                                                                                  (16, 'Dancing Queen', 213, 'English', true, 26, 6, NULL),
                                                                                                  (17, 'Smooth', 277, 'English', true, 27, 1, NULL),
                                                                                                  (18, 'Its My Life', 222, 'English', true, 7, 13, NULL),
                                                                                                  (19, 'Sweet Child o Mine', 356, 'English', true, 38, 1, NULL),
                                                                                                  (20, 'Empire State of Mind', 284, 'English', true, 39, 2, NULL),
                                                                                                  (21, 'Imagine', 186, 'English', true, 29, 1, NULL),
                                                                                                  (22, 'Like a Rolling Stone', 370, 'English', true, 33, 1, NULL),
                                                                                                  (23, 'Vogue', 375, 'English', true, 34, 2, NULL),
                                                                                                  (24, 'Creep', 236, 'English', true, 65, 12, NULL),
                                                                                                  (25, 'Talvez', 165, 'Portuguese', false, 67, 21, 43),
                                                                                                  (26, 'Pesadão', 230, 'Portuguese', false, 67, 21, 43),
                                                                                                  (27, 'To de pé', 203, 'Portuguese', false, 67, 21, 43),
                                                                                                  (28, 'Tropa do Mantém', 239, 'Portuguese', false, 67, 21, 43),
                                                                                                  (29, 'Mundo Covarde', 195, 'Portuguese', false, 67, 21, 43),
                                                                                                  (30, 'Tropa do Sábio', 187, 'Portuguese', false, 67, 21, 43),
                                                                                                  (31, 'Ai Calica', 190, 'Portuguese', false, 67, 21, 43),
                                                                                                  (32, 'Frio e Calculista', 230, 'Portuguese', false, 67, 21, 43),
                                                                                                  (33, 'Não Vou Falhar', 200, 'Portuguese', false, 67, 21, 43),
                                                                                                  (34, 'Vida Louca', 197, 'Portuguese', true, 67, 21, NULL),
                                                                                                  (35, 'Desabafo', 180, 'Portuguese', true, 67, 21, NULL),
                                                                                                  (36, 'Me dá sua mão', 201, 'Portuguese', true, 67, 21, NULL),
                                                                                                  (37, 'Metflix', 187, 'Portuguese', true, 67, 21, NULL),
                                                                                                  (38, 'Eu fiz o jogo virar', 187, 'Portuguese', true, 67, 21, NULL),
                                                                                                  (39, 'Intro', 204, 'Portuguese', false, 68, 21, 44),
                                                                                                  (40, 'Tanto Faz', 194, 'Portuguese', false, 68, 21, 44),
                                                                                                  (41, 'Mitsubshi', 180, 'Portuguese', false, 68, 21, 44),
                                                                                                  (42, 'Assault', 210, 'Portuguese', false, 68, 21, 44),
                                                                                                  (43, 'Isso que é arte', 223, 'Portuguese', false, 68, 21, 44),
                                                                                                  (44, 'Vermelho', 208, 'Portuguese', false, 68, 21, 44),
                                                                                                  (45, 'Antes do Sol Nascer', 185, 'Portuguese', false, 68, 21, 44),
                                                                                                  (46, 'Amor de Fim de Noite', 187, 'Portuguese', false, 68, 21, 44),
                                                                                                  (47, 'Feiticeira', 295, 'Portuguese', false, 68, 21, 44),
                                                                                                  (48, '24 Horas', 238, 'Portuguese', false, 68, 21, 44),
                                                                                                  (49, 'Rio', 256, 'Portuguese', false, 68, 21, 44),
                                                                                                  (50, 'Celebridade', 290, 'Portuguese', false, 68, 21, 44),
                                                                                                  (51, 'Balão', 325, 'Portuguese', false, 68, 21, 44),
                                                                                                  (52, 'Nova Colônia', 170, 'Portuguese', false, 68, 21, 44),
                                                                                                  (53, 'Balão 2', 209, 'Portuguese', false, 68, 21, 45),
                                                                                                  (54, 'Vida Cara', 181, 'Portuguese', false, 68, 21, 45),
                                                                                                  (55, 'Criminal', 172, 'Portuguese', false, 68, 21, 45),
                                                                                                  (56, 'Iluminado', 198, 'Portuguese', false, 68, 21, 45),
                                                                                                  (57, 'Amém', 340, 'Portuguese', false, 68, 21, 45),
                                                                                                  (58, 'O Tempo É Professor', 243, 'Portuguese', false, 68, 21, 45),
                                                                                                  (59, 'City Of God', 239, 'Portuguese', false, 68, 21, 45),
                                                                                                  (60, 'Pradaboss', 240, 'Portuguese', false, 68, 21, 45),
                                                                                                  (61, 'Neuroses', 213, 'Portuguese', false, 68, 21, 45),
                                                                                                  (62, 'Droga e Festa', 222, 'Portuguese', false, 68, 21, 45),
                                                                                                  (63, "Buchanan's", 201, 'Portuguese', false, 68, 21, 45),
                                                                                                  (64, 'Afrodisíaco', 278, 'Portuguese', false, 68, 21, 45),
                                                                                                  (65, 'X6', 260, 'Portuguese', false, 68, 21, 45),
                                                                                                  (66, 'Jogos e Apostas', 190, 'Portuguese', false, 68, 21, 45),
                                                                                                  (67, 'Enquanto Ela Rebola', 200, 'Portuguese', false, 68, 21, 45),
                                                                                                  (68, 'Pixadão', 238, 'Portuguese', false, 68, 21, 45),
                                                                                                  (69, 'Sereia', 227, 'Portuguese', false, 68, 21, 45),
                                                                                                  (70, 'Copo de Vidro', 280, 'Portuguese', false, 68, 21, 45),
                                                                                                  (71, 'Álcool e Seus Olhos Azuis', 199, 'Portuguese', false, 68, 21, 45),
                                                                                                  (72, 'Cicatrizes', 207, 'Portuguese', false, 68, 21, 45),
                                                                                                  (73, 'Sozinha', 255, 'Portuguese', false, 68, 21, 45),
                                                                                                  (74, 'Dia de Baile', 252, 'Portuguese', false, 68, 21, 45),
                                                                                                  (75, 'Pop Smoke Freestyle', 260, 'Portuguese', false, 68, 21, 45),
                                                                                                  (76, 'Talismã', 212, 'Portuguese', false, 68, 21, 45),
                                                                                                  (77, 'Tiros e Balas', 218, 'Portuguese', false, 68, 21, 45),
                                                                                                  (78, 'Até de manhâ', 265, 'Portuguese', true, 68, 21, 46),
                                                                                                  (79, 'Acende o isqueiro', 190, 'Portuguese', true, 68, 21, 46),
                                                                                                  (80, 'Jogador', 217, 'Portuguese', true, 68, 21, 46),
                                                                                                  (81, 'A Nova Era', 220, 'Portuguese', false, 69, 21, 46),
                                                                                                  (82, 'O Chamado', 210, 'Portuguese', false, 69, 21, 46),
                                                                                                  (83, 'Plantou da Boca', 199, 'Portuguese', false, 69, 21, 46),
                                                                                                  (84, 'Tropa do Mais Novo', 230, 'Portuguese', false, 69, 21, 46),
                                                                                                  (85, 'FXR', 200, 'Portuguese', false, 69, 21, 46),
                                                                                                  (86, 'Skatista', 201, 'Portuguese', false, 69, 21, 46),
                                                                                                  (87, 'Toma Toma', 249, 'Portuguese', false, 69, 21, 46),
                                                                                                  (88, 'Passado', 215, 'Portuguese', false, 69, 21, 46),
                                                                                                  (89, 'Só Basta Crer', 225, 'Portuguese', false, 69, 21, 46),
                                                                                                  (90, 'Gucci, Prada', 220, 'Portuguese', true, 69, 21, NULL),
                                                                                                  (91, '212', 197, 'Portuguese', true, 69, 21, NULL),
                                                                                                  (92, 'Deus é o meu guia', 235, 'Portuguese', true, 69, 21, NULL),
                                                                                                  (93, 'Cogulândia', 187, 'Portuguese', false, 70, 21, 47),
                                                                                                  (94, 'Antes', 190, 'Portuguese', false, 70, 21, 47),
                                                                                                  (95, 'Gorilla Roxo', 233, 'Portuguese', false, 70, 21, 47),
                                                                                                  (96, 'Vem Chapar', 221, 'Portuguese', false, 70, 21, 47),
                                                                                                  (97, '777-666', 212, 'Portuguese', false, 70, 21, 47),
                                                                                                  (98, 'É Sal', 210, 'Portuguese', false, 70, 21, 47),
                                                                                                  (99, 'Máquina do Tempo', 219, 'Portuguese', false, 70, 21, 47),
                                                                                                  (100, 'Anos Luz', 268, 'Portuguese', true, 70, 21, NULL),
                                                                                                  (101, 'Kenny G', 250, 'Portuguese', true, 70, 21, NULL),
                                                                                                  (102, 'Quer Voar', 243, 'Portuguese', true, 70, 21, NULL),
                                                                                                  (103, 'Banco', 246, 'Portuguese', true, 70, 21, NULL),
                                                                                                  (104, 'A Morte do Autotune', 257, 'Portuguese', true, 70, 21, NULL),
                                                                                                  (105, 'Lama no Copo', 226, 'Portuguese', true, 70, 21, NULL),
                                                                                                  (106, 'PREFÁCIO', 229, 'Portuguese', false, 71, 21, 48),
                                                                                                  (107, 'Oração', 210, 'Portuguese', false, 71, 21, 48),
                                                                                                  (108, 'Ciumenta', 203, 'Portuguese', false, 71, 21, 48),
                                                                                                  (109, 'Frio', 180, 'Portuguese', false, 71, 21, 48),
                                                                                                  (110, 'Página 47: Pague na mesma moeda.', 187, 'Portuguese', false, 71, 21, 48),
                                                                                                  (111, 'Lealdade', 195, 'Portuguese', false, 71, 21, 48),
                                                                                                  (112, 'Avião no Céu', 194, 'Portuguese', false, 71, 21, 48),
                                                                                                  (113, 'Página 119: Sai pra noite, vai!', 213, 'Portuguese', false, 71, 21, 48),
                                                                                                  (114, 'Coração de Gelo', 233, 'Portuguese', false, 71, 21, 48),
                                                                                                  (115, 'Angelina', 186, 'Portuguese', false, 71, 21, 48),
                                                                                                  (116, 'Página 285: Nunca ame demais.', 240, 'Portuguese', false, 71, 21, 48),
                                                                                                  (117, 'Esquece Pt. 2', 187, 'Portuguese', false, 71, 21, 48),
                                                                                                  (118, 'Limão', 199, 'Portuguese', false, 71, 21, 48),
                                                                                                  (119, 'Brinca Demais', 201, 'Portuguese', false, 71, 21, 48),
                                                                                                  (120, 'EPÍLOGO', 200, 'Portuguese', false, 71, 21, 48),
                                                                                                  (121, 'Lágrimas de Crocodilo', 180, 'Portuguese', true, 71, 21, NULL),
                                                                                                  (122, 'Pitbull', 173, 'Portuguese', true, 71, 21, NULL),
                                                                                                  (123, 'Só de mal', 169, 'Portuguese', true, 71, 21, NULL),
                                                                                                  (124, 'Horas iguais', 178, 'Portuguese', true, 71, 21, NULL),
                                                                                                  (125, 'Minha vida é um filme', 226, 'Portuguese', true, 72, 21, NULL),
                                                                                                  (126, 'Fim de Semana no Rio', 209, 'Portuguese', true, 72, 21, NULL),
                                                                                                  (127, 'Mustang Preto', 225, 'Portuguese', true, 72, 21, NULL),
                                                                                                  (128, 'Mais Um Voo', 210, 'Portuguese', true, 72, 21, NULL),
                                                                                                  (129, 'M4', 228, 'Portuguese', true, 72, 21, NULL),
                                                                                                  (130, 'Paypal', 233, 'Portuguese', false, 72, 21, 49),
                                                                                                  (131, 'Dia Azul', 215, 'Portuguese', false, 72, 21, 49),
                                                                                                  (132, 'Manha', 180, 'Portuguese', false, 72, 21, 49),
                                                                                                  (133, 'Fashion', 184, 'Portuguese', false, 72, 21, 49),
                                                                                                  (134, 'Melhor Agora', 187, 'Portuguese', false, 73, 21, 50),
                                                                                                  (135, 'Sonho Dos Cria', 195, 'Portuguese', false, 73, 21, 50),
                                                                                                  (136, 'Tudo Nosso', 192, 'Portuguese', false, 73, 21, 50),
                                                                                                  (137, 'Good Vibe', 198, 'Portuguese', false, 73, 21, 50),
                                                                                                  (138, 'A Meu Favor', 241, 'Portuguese', false, 73, 21, 50),
                                                                                                  (139, '7 Meiota', 237, 'Portuguese', false, 73, 21, 50),
                                                                                                  (140, 'Konteiner', 136, 'Portuguese', false, 73, 21, 50),
                                                                                                  (141, 'Vermelho Fogo', 224, 'Portuguese', false, 73, 21, 50),
                                                                                                  (142, 'Fight', 212, 'Portuguese', false, 73, 21, 50),
                                                                                                  (143, 'Trem Bala', 202, 'Portuguese', false, 73, 21, 50),
                                                                                                  (144, 'Todo Poder', 198, 'Portuguese', false, 73, 21, 50),
                                                                                                  (145, 'Fight', 234, 'Portuguese', true, 73, 21, NULL);

INSERT INTO Band (Band_id, Formation_Date, Author_id) VALUES
                                                          (1, '1943-12-12', 32),
                                                          (2, '1981-10-28', 35),   -- Metallica
                                                          (3, '1965-01-11', 37),   -- Pink Floyd
                                                          (4, '1985-04-24', 38),   -- Guns N Roses
                                                          (5, '1968-06-21', 40),   -- Led Zeppelin
                                                          (6, '1962-13-25', 42),   -- The Rolling Stones
                                                          (7, '1996-04-21', 43),   -- Coldplay
                                                          (8, '1983-02-14', 45),   -- Red Hot Chili Peppers
                                                          (9, '1986-05-13', 57),   -- Green Day
                                                          (10, '1991-08-16', 61),  -- Oasis
                                                          (11, '1991-03-30', 65);  -- Radiohead

INSERT INTO Genre (Genre_id, Name) VALUES
                                       (1, 'Rock'),
                                       (2, 'Pop'),
                                       (3, 'Hip Hop'),
                                       (4, 'Country'),
                                       (5, 'Electronic'),
                                       (6, 'Jazz'),
                                       (7, 'Blues'),
                                       (8, 'R&B'),
                                       (9, 'Reggae'),
                                       (10, 'Classical'),
                                       (11, 'Folk'),
                                       (12, 'Metal'),
                                       (13, 'Punk'),
                                       (14, 'Indie'),
                                       (15, 'Soul'),
                                       (16, 'Funk'),
                                       (17, 'Disco'),
                                       (18, 'Alternative'),
                                       (19, 'Latin'),
                                       (20, 'Rap'),
                                       (21, 'Trap');

INSERT INTO Album (Album_id, Release_date, Number_of_musics, Album_title) VALUES
                                                                              (1,'1982', 9, 'Thriller'),
                                                                              (2,'1987', 10, 'Bad'),
                                                                              (3,'2007', 10, 'In Rainbows'),
                                                                              (4, '1976', 10 , 'A Day at the Races'),
                                                                              (5, '1999', 23, '2001'),
                                                                              (6, '1969', 17, 'Abbey Road'),
                                                                              (7,'2021', 15, 'Montero' ),
                                                                              (8, '1982', 8 , 'The number of the beast'),
                                                                              (9,'2017', 16, '÷' ),
                                                                              (10, '2014', 12, 'x '),
                                                                              (11, '2015', 11, '25'),
                                                                              (12, '2011', 12, '21'),
                                                                              (13, '2020', 16, 'folklore'),
                                                                              (14, '2014', 13, '1989'),
                                                                              (15, '2010', 13, 'My Beautiful Dark Twisted Fantasy'),
                                                                              (16, '2013', 10, 'Yeezus'),
                                                                              (17, '2019', 12, 'Thank U, Next'),
                                                                              (18, '2018', 15, 'Sweetener'),
                                                                              (19, '2018', 8, 'Scorpion'),
                                                                              (20, '2016', 20, 'Views'),
                                                                              (21, '2016', 16, 'Anti'),
                                                                              (22, '2007', 12, 'Good Girl Gone Bad'),
                                                                              (23, '2020', 8, 'No Pressure'),
                                                                              (24, '2018', 13, 'Kamikaze'),
                                                                              (25, '2008', 14, 'The Fame'),
                                                                              (26, '2018', 6, 'A Star is Born (OST)'),
                                                                              (27, '2016', 11, '24K Magic'),
                                                                              (28, '2010', 10, 'Doo-Wops & Hooligans'),
                                                                              (29, '1971', 10, 'Imagine'),
                                                                              (30, '1927', 11, 'Goodbye Yellow Brick Road'),
                                                                              (31, '2004', 12, 'How to Dismantle an Atomic Bomb'),
                                                                              (32, '1977', 11, 'Rumours'),
                                                                              (33, '2002', 16, 'The Eminem Show'),
                                                                              (34, '2010', 13, 'Mylo Xyloto'),
                                                                              (35, '2015', 11, '25'),
                                                                              (36, '2019', 15, 'When We All Fall Asleep, Where Do We Go?'),
                                                                              (37, '2016', 5, 'The Getaway'),
                                                                              (38, '2018', 6, 'My Dear Melancholy'),
                                                                              (39, '2021', 13, 'Donda'),
                                                                              (40, '2014', 10, 'Ghost Stories'),
                                                                              (41, '2017', 14, 'Joanne'),
                                                                              (42, '2007', 15, 'Minutes to Midnight'),
                                                                              (43, '2022', 9, 'O Sábio'),
                                                                              (44, '2020', 15, 'Celebridade'),
                                                                              (45, '2023', 26, 'Vida Cara'),
                                                                              (46, '2022', 9, 'A Nova Era'),
                                                                              (47, '2020', 9, 'Máquina do Tempo'),
                                                                              (48, '2022', 15, 'Manual de Como Amar Errado'),
                                                                              (49, '2021', 4, 'previas.zip'),
                                                                              (50, '2022', 11, 'Lume');


INSERT INTO Username (Username_ID, Username_text, User_id, Platform_id) VALUES
                                                                            (1,'_g_lucario', 1, 2),
                                                                            (2,'neymar meuxodo', 4, 1),
                                                                            (3,'peleisbetter', 3, 2),
                                                                            (4,'skyskraper', 2, 1),
                                                                            (5,'eusouoverdadeirojose', 5, 1),
                                                                            (6,'eu_sou_jose', 6, 1),
                                                                            (7, 'overtime', 7, 2),
                                                                            (8, 'carlosic', 8, 1),
                                                                            (9, 'dacing monkey', 9, 1),
                                                                            (10, 'tartaruga ninja', 10, 2),
                                                                            (11, 'isa giga', 11, 1),
                                                                            (12, 'luis jrn', 12, 1),
                                                                            (13, 'wave me', 13, 2),
                                                                            (14, 'gabrils', 14, 1),
                                                                            (15, 'bia', 15, 1),
                                                                            (16, 'robertin', 16, 2),
                                                                            (17, 'clara sic15', 17, 1),
                                                                            (18, 'leonsio', 18, 1),
                                                                            (19, 'vector', 19, 2),
                                                                            (20, 'fernad', 20, 1),
                                                                            (21, 'lucao', 1, 1),
                                                                            (22, 'dieson', 21, 1),
                                                                            (23, 'angelawhiteenjoyer', 22, 2),
                                                                            (24, 'arilamos', 23, 1),
                                                                            (25, 'alici', 24, 2),
                                                                            (26, 'einstown', 25, 1),
                                                                            (27, 'music_enjoyer', 26, 2),
                                                                            (28, 'el_gus', 27, 1),
                                                                            (29, 'gisel123', 28, 1),
                                                                            (30, 'georgeelbrabo', 29, 2),
                                                                            (31, 'gracewillians', 30, 1),
                                                                            (32, 'ivan_14', 31, 2),
                                                                            (33, 'newtinho', 32, 1),
                                                                            (34, 'ivy2090', 33, 2),
                                                                            (35, 'metroexodus', 34, 1),
                                                                            (36, 'reded', 35, 1),
                                                                            (37, 'limiton', 36, 2),
                                                                            (38, 'gigatom', 37, 1),
                                                                            (39, 'luscavoador', 38, 1),
                                                                            (40, 'melzin', 39, 2),
                                                                            (41, 'marcossa', 40, 1),
                                                                            (42, 'melismonrole', 41, 1),
                                                                            (43, 'maxplays', 42, 2),
                                                                            (44, 'martinmusics', 43, 2),
                                                                            (45, 'miltona', 44, 1),
                                                                            (46, 'unchared', 45, 1),
                                                                            (47, 'natil_friends', 46, 2),
                                                                            (48, 'logan', 47, 1),
                                                                            (49, 'deadpools', 48, 2),
                                                                            (50, 'owenforyou', 49, 1),
                                                                            (51, 'niermiyer', 50, 2),
                                                                            (52, 'twist', 51, 1),
                                                                            (53, 'beatles_fan', 52, 1),
                                                                            (54, 'olgafor2', 53, 2),
                                                                            (55, 'oliviasouz', 54, 1),
                                                                            (56, 'oscada', 55, 1),
                                                                            (57, 'cops', 56, 2),
                                                                            (58, 'olivindo', 57, 2),
                                                                            (59, 'owen_2023', 58, 1),
                                                                            (60, 'pikachu', 59, 1),
                                                                            (61, 'rayquaza', 60, 2),
                                                                            (62, 'ashesbrabo', 61, 1),
                                                                            (63, 'homer', 62, 2),
                                                                            (64, 'simpsons', 63, 1),
                                                                            (65, 'pettergriffin', 64, 1),
                                                                            (66, 'smash', 65, 2),
                                                                            (67, 'gokusola', 66, 1),
                                                                            (68, 'samanthis', 67, 1),
                                                                            (69, 'gabrils', 14, 2),
                                                                            (70, 'bia', 15, 2),
                                                                            (71, 'robertin', 16, 1),
                                                                            (72, 'clara_sic15', 17, 2),
                                                                            (73, 'leonsio', 18, 2),
                                                                            (74, 'vector', 19, 1),
                                                                            (75, 'fernad', 20, 2),
                                                                            (76, 'lucao', 1, 2);

INSERT INTO Playlist (Playlist_id, Url, Name, Username_id) VALUES
                                                               (1, 'https://www.youtube.com/playlist?list=PLABCDEFGHIJKLM123456', 'playlistdolucao',  1 ),
                                                               (2, 'https://open.spotify.com/playlist/7ABCDEFGHIJKLMN123456', 'ney_4_ever',  2),
                                                               (3, 'https://www.youtube.com/playlist?list=PLWXYZ123456', 'hangout_and_degout', 3),
                                                               (4, 'https://open.spotify.com/playlist/8JKLMNOPQRSTUVWXYZ123456', 'trying_not_to_dance', 4),
                                                               (5, 'https://www.youtube.com/playlist?list=PLABCDE6789', 'pop dancing', 5),
                                                               (6, 'https://open.spotify.com/playlist/9QRSTUVWXYZABCDE123456', 'joserei', 6),
                                                               (7, 'https://www.youtube.com/playlist?list=PLFGHIJKLM123456', 'dacing mo2', 7),
                                                               (8, 'https://open.spotify.com/playlist/1JKLMNOQRSTUVWXYZ23456', 'as musicas do momento', 8),
                                                               (9, 'https://www.youtube.com/playlist?list=PLQRSTUVWXYZABCDE56789', 'festa2', 9),
                                                               (10, 'https://open.spotify.com/playlist/2QRSTUVWXYZABCDE3456', 'musicas para relaxar', 10),
                                                               (11, 'https://www.youtube.com/playlist?list=PLABCDE6789', 'a minha playlista', 11),
                                                               (12, 'https://open.spotify.com/playlist/3QRSTUVWXYZABCDE456', 'mooster', 12),
                                                               (13, 'https://www.youtube.com/playlist?list=PLVWXYZ123456', 'my beats', 13),
                                                               (14, 'https://open.spotify.com/playlist/4QRSTUVWXYZABCDE567', 'avarege music enjoyer', 14),
                                                               (15, 'https://www.youtube.com/playlist?list=PLPABCDE6789', 'how do i quit', 15),
                                                               (16, 'https://open.spotify.com/playlist/5QRSTUVWXYZABCDE678', 'all of all', 16),
                                                               (17, 'https://www.youtube.com/playlist?list=PLABCDEF6789', 'jim jags', 17),
                                                               (18, 'https://open.spotify.com/playlist/6QRSTUVWXYZABCDE789', 'dummy tunes', 18),
                                                               (19, 'https://www.youtube.com/playlist?list=PLKLMNO123456', 'sounds of dark', 19),
                                                               (20, 'https://open.spotify.com/playlist/7QRSTUVWXYZABCDE890', 'dacing all night', 20),
                                                               (21, 'https://open.spotify.com/playlist/7QRSTUVWXYZABCDE890', 'lucao spotifyison', 21),
                                                               (22, 'https://music.youtube.com/playlist?list=OLAK5uy_noaJnZEwx8ndE6uEOO87FpmfE-U3gu5Ew', 'O Sábio', 15),
                                                               (23, 'https://music.youtube.com/playlist?list=OLAK5uy_n3818t8jqNIysPjPk2WWOUJkQqjH782jo', 'Celebridade', 1),
                                                               (24, 'https://music.youtube.com/playlist?list=OLAK5uy_koJWNeEHjKdBLg3QvifP2emOXu8G119rE', 'Vida Cara', 1),
                                                               (25, 'https://music.youtube.com/playlist?list=OLAK5uy_mUfvdi8phPnIVGl69Xqs4FoF0kaF3k8RE', 'A Nova Era', 2),
                                                               (26, 'https://music.youtube.com/playlist?list=OLAK5uy_mVPn42N5RDdKBbEjqvmK8qMqakoGAzNxE', 'Máquina do Tempo', 5),
                                                               (27, 'https://music.youtube.com/playlist?list=OLAK5uy_louG4OS7Dbnx0Kp1Ddu2_Z4IetahTrlmw', 'Manual de Como Amar Errado', 18),
                                                               (28, 'https://music.youtube.com/playlist?list=OLAK5uy_l6f477Cuas9MyJC9KhDIzrTEoYfgi7UQs', 'previas.zip', 18),
                                                               (29, 'https://music.youtube.com/playlist?list=OLAK5uy_mA3i5pQhvHCFAWCFK0mC22UVY-ql3bZpE', 'Lume', 10),
                                                               (30, 'https://www.youtube.com/playlist?list=PLIJKLMNOPQRSTUVWXYZABCDE56789', 'help me', 30),
                                                               (31, 'https://open.spotify.com/playlist/3CDEFGHIJKLMNOPQRSTUVWXYZABCDE456', 'i like:', 31),
                                                               (32, 'https://www.youtube.com/playlist?list=PLQRSTU123456', 'n sei um nome', 32),
                                                               (33, 'https://open.spotify.com/playlist/4DEFGHIJKLMNOPQRSTUVWXYZABCDE567', 'the best name', 33),
                                                               (34, 'https://www.youtube.com/playlist?list=PLUVWXYZ123456', 'briths music', 34),
                                                               (35, 'https://open.spotify.com/playlist/5DEFGHIJKLMNOPQRSTUVWXYZABCDE678', 'famous songs', 35),
                                                               (36, 'https://www.youtube.com/playlist?list=PLCDEFGHIJKLMNOPQRSTUVWXYZABCDE789', 'npcs musics', 36),
                                                               (37, 'https://open.spotify.com/playlist/6DEFGHIJKLMNOPQRSTUVWXYZABCDE890', 'vibes2', 37),
                                                               (38, 'https://www.youtube.com/playlist?list=PLACDEFGHIJKLMNOPQRSTUVWXYZABCDE890', 'dacing moves', 38),
                                                               (39, 'https://open.spotify.com/playlist/7DEFGHIJKLMNOPQRSTUVWXYZABCDE890', 'melzin na chupeta', 39),
                                                               (40, 'https://www.youtube.com/playlist?list=PLABCDEF6789', 'marcao do balacobaco', 40),
                                                               (41, 'https://open.spotify.com/playlist/8DEFGHIJKLMNOPQRSTUVWXYZABCDE890', 'só as melhores', 41),
                                                               (42, 'https://www.youtube.com/playlist?list=PLIJKLMNOPQRSTUVWXYZABCDE890', 'my best', 42),
                                                               (43, 'https://open.spotify.com/playlist/9DEFGHIJKLMNOPQRSTUVWXYZABCDE890', 'rocking sogs', 43),
                                                               (44, 'https://www.youtube.com/playlist?list=PLMNO123456', 'miltona_favorites', 44),
                                                               (45, 'https://open.spotify.com/playlist/1EFGHIJKLMNOPQRSTUVWXYZABCDE890', 'unchared_beats', 45),
                                                               (46, 'https://www.youtube.com/playlist?list=PLNOPQRSTUVWXYZABCDE890', 'natal songs', 46),
                                                               (47, 'https://open.spotify.com/playlist/2EFGHIJKLMNOPQRSTUVWXYZABCDE890', 'pop favorites', 47),
                                                               (48, 'https://www.youtube.com/playlist?list=PLOPQRSTUVWXYZABCDE890', 'deadpool2 is a good movie', 48),
                                                               (49, 'https://open.spotify.com/playlist/3EFGHIJKLMNOPQRSTUVWXYZABCDE890', 'dacing', 49),
                                                               (50, 'https://www.youtube.com/playlist?list=PLPQRSTUVWXYZABCDE890', 'tunes of black', 50),
                                                               (51, 'https://open.spotify.com/playlist/4EFGHIJKLMNOPQRSTUVWXYZABCDE890', 'beats pro', 51),
                                                               (52, 'https://www.youtube.com/playlist?list=PLQWERTYUIO', 'epic druns', 52),
                                                               (53, 'https://open.spotify.com/playlist/5EFGHIJKLMNOPQRSTUVWXYZABCDE890', 'miki fanmade', 53),
                                                               (54, 'https://www.youtube.com/playlist?list=PLUIOPASDFG', 'oslvando cruz', 54),
                                                               (55, 'https://open.spotify.com/playlist/6EFGHIJKLMNOPQRSTUVWXYZABCDE890', 'mayodaka o dadaki', 55),
                                                               (56, 'https://www.youtube.com/playlist?list=PLASDFGHJKL', 'lost cupid', 56),
                                                               (57, 'https://open.spotify.com/playlist/7EFGHIJKLMNOPQRSTUVWXYZABCDE890', 'heaven ', 57),
                                                               (58, 'https://www.youtube.com/playlist?list=PLZXCVBNMASDFGHJKL', 'party songs', 58),
                                                               (59, 'https://open.spotify.com/playlist/8EFGHIJKLMNOPQRSTUVWXYZABCDE890', 'gomugomu', 59),
                                                               (60, 'https://www.youtube.com/playlist?list=PLPOIUYTREW', 'infinit void', 60),
                                                               (61, 'https://open.spotify.com/playlist/9EFGHIJKLMNOPQRSTUVWXYZABCDE890', '7 deadly', 61),
                                                               (62, 'https://open.spotify.com/playlist/9EFGHIJKLMNOPQRSTUVWXYZABCDE890', 'monday', 62),
                                                               (63, 'https://www.youtube.com/playlist?list=PLNMABCDEFGHIJK', 'simp song', 63),
                                                               (64, 'https://open.spotify.com/playlist/1OPQRSTUVWXYZ', 'i like lusca playlist', 64),
                                                               (65, 'https://open.spotify.com/playlist/2OPQRSTUVWXYZ', 'smash_beats', 65),
                                                               (66, 'https://www.youtube.com/playlist?list=PLOPQRSTUVWXYZ', 'gokusola_tunes', 66),
                                                               (67, 'https://open.spotify.com/playlist/3OPQRSTUVWXYZ', 'samanthis_music', 67),
                                                               (68, 'https://www.youtube.com/playlist?list=PLXYZABCDEFGHIJKLMNOPQRSTUVWXYZ', 'gabriela 2', 14),
                                                               (69, 'https://open.spotify.com/playlist/4OPQRSTUVWXYZ', 'bia dances', 15),
                                                               (70, 'https://www.youtube.com/playlist?list=PLABCDEABCDEFGHIJKLMNOPQRSTUVWXYZ', 'robertin_tunes', 16),
                                                               (71, 'https://open.spotify.com/playlist/5OPQRSTUVWXYZ', 'clara 4 clara', 17),
                                                               (72, 'https://www.youtube.com/playlist?list=PLFGHIJKLMNOPQRSTUVWXYZ', 'leonsio_music', 18),
                                                               (73, 'https://open.spotify.com/playlist/6OPQRSTUVWXYZ', 'vector_tunes', 19),
                                                               (74, 'https://www.youtube.com/playlist?list=PLUVWXYZABCDEFGHIJKLMNOPQRSTUVWXYZ', 'fernad_playlist', 20),
                                                               (75, 'https://open.spotify.com/playlist/7OPQRSTUVWXYZ', 'lusca 2023', 1),
                                                               (76, 'https://www.youtube.com/playlist?list=PLZXCVBNMASDFGHJKL', 'lucao yt', 21),
                                                               (77, 'https://open.spotify.com/playlist/8EFGHIJKLMNOPQRSTUVWXYZABCDE890', 'lucao s', 21),
                                                               (78, 'https://www.youtube.com/playlist?list=PLABCDEF6789', 'youtube playlist', 22),
                                                               (79, 'https://open.spotify.com/playlist/9DEFGHIJKLMNOPQRSTUVWXYZABCDE890', 'dieson_spotify_tunes', 22),
                                                               (80, 'https://www.youtube.com/playlist?list=PLXYZA123456', 'angelawhiteenjoyer_youtube', 23),
                                                               (81, 'https://open.spotify.com/playlist/8BCDEFGHIJKLMNOPQRSTUVWXYZ123456', 'angela black', 23),
                                                               (82, 'https://www.youtube.com/playlist?list=PLARI123456', 'raibow road', 24),
                                                               (83, 'https://open.spotify.com/playlist/9BCDEFGHIJKLMNOPQRSTUVWXYZABCDE123456', 'aligator', 24),
                                                               (84, 'https://www.youtube.com/playlist?list=PL12345678', 'alici_youtube_favorites', 25),
                                                               (85, 'https://open.spotify.com/playlist/1CDEFGHIJKLMNOPQRSTUVWXYZ23456', 'alici_spotify_jams', 25),
                                                               (86, 'https://www.youtube.com/playlist?list=PLIJKLMNOPQRSTUVWXYZABCDE56789', 'eu sou npc', 26),
                                                               (87, 'https://open.spotify.com/playlist/3CDEFGHIJKLMNOPQRSTUVWXYZABCDE456', 'music enjoyer ', 26),
                                                               (88, 'https://www.youtube.com/playlist?list=PLGHIJKLM123456', 'music_enjoyer_youtube_mix', 27),
                                                               (89, 'https://open.spotify.com/playlist/1EFGHIJKLMNOPQRSTUVWXYZABCDE890', 'the best playlist', 27),
                                                               (90, 'https://www.youtube.com/playlist?list=PLUVWXYZ123456', 'el_gus_youtube_jams', 28),
                                                               (91, 'https://open.spotify.com/playlist/2EFGHIJKLMNOPQRSTUVWXYZABCDE890', 'family gus', 28),
                                                               (92, 'https://www.youtube.com/playlist?list=PLIJKLMNOPQRSTUVWXYZABCDE890', 'gilse the definit playlist', 29);


/*all the musics (both platforms)*/
INSERT INTO MusicPlatformView (MusicPlatformView_id, Music_id, Platform_id, Views, Last_updated) VALUES
                                                                                                     (1, 1, 1, 1188419323 , '2023-11-17'),
                                                                                                     (2, 1, 2, 1476469459, '2023-11-18'),
                                                                                                     (3, 2, 1, 144389043, '2011-05-25'),
                                                                                                     (4, 2, 2, 152389043, '2023-11-18'),
                                                                                                     (5, 3, 1, 2120027523, '2023-11-18'),
                                                                                                     (6, 3, 2, 1350012312, '2023-11-16'),
                                                                                                     (7, 4, 1, 1231234132, '2023-11-18'),
                                                                                                     (8, 4, 2, 2324124215, '2023-11-17'),
                                                                                                     (9, 5, 1, 12312412341, '2023-11-18'),
                                                                                                     (10, 5, 2, 1231232341, '2023-11-16'),
                                                                                                     (11, 6, 1, 789146142, '2023-11-18'),
                                                                                                     (12, 6, 2, 883146142, '2023-11-17'),
                                                                                                     (13, 7, 1, 374890288, '2023-11-18'),
                                                                                                     (14, 7, 2, 1334489910, '2023-11-16'),
                                                                                                     (15, 8, 1, 124789123, '2023-11-18'),
                                                                                                     (16, 8, 2, 1274792740, '2023-11-17'),
                                                                                                     (17, 9, 1, 7417219300, '2023-11-18'),
                                                                                                     (18, 9, 2, 424121413, '2023-11-16'),
                                                                                                     (19, 10, 1, 12412320, '2023-11-18'),
                                                                                                     (20, 10, 2, 54212455, '2023-11-17'),
                                                                                                     (21, 11, 1, 32412553, '2023-11-18'),
                                                                                                     (22, 11, 2, 23253523, '2023-11-16'),
                                                                                                     (23, 12, 1, 35235348, '2023-11-18'),
                                                                                                     (24, 12, 2, 242345231, '2023-11-17'),
                                                                                                     (25, 13, 1, 12412424, '2023-11-18'),
                                                                                                     (26, 13, 2, 54651241, '2023-11-16'),
                                                                                                     (27, 14, 1, 123523500, '2023-11-18'),
                                                                                                     (28, 14, 2, 124124220, '2023-11-17'),
                                                                                                     (29, 15, 1, 123456789, '2023-11-18'),
                                                                                                     (30, 15, 2, 987654321, '2023-11-17'),
                                                                                                     (31, 16, 1, 567890123, '2023-11-18'),
                                                                                                     (32, 16, 2, 456789012, '2023-11-17'),
                                                                                                     (33, 17, 1, 345678901, '2023-11-18'),
                                                                                                     (34, 17, 2, 234567890, '2023-11-17'),
                                                                                                     (35, 18, 1, 123456789, '2023-11-18'),
                                                                                                     (36, 18, 2, 987654321, '2023-11-17'),
                                                                                                     (37, 19, 1, 567890123, '2023-11-18'),
                                                                                                     (38, 19, 2, 456789012, '2023-11-17'),
                                                                                                     (39, 20, 1, 345678901, '2023-11-18'),
                                                                                                     (40, 20, 2, 234567890, '2023-11-17'),
                                                                                                     (41, 21, 1, 123456789, '2023-11-18'),
                                                                                                     (42, 21, 2, 987654321, '2023-11-17'),
                                                                                                     (43, 22, 1, 567890123, '2023-11-18'),
                                                                                                     (44, 22, 2, 456789012, '2023-11-17'),
                                                                                                     (45, 23, 1, 345678901, '2023-11-18'),
                                                                                                     (46, 23, 2, 234567890, '2023-11-17'),
                                                                                                     (47, 24, 1, 123456789, '2023-11-18'),
                                                                                                     (48, 24, 2, 987654321, '2023-11-17'),
                                                                                                     (49, 25, 1, 567890123, '2023-11-18'),
                                                                                                     (50, 25, 2, 456789012, '2023-11-17'),
                                                                                                     (51, 26, 1, 345678901, '2023-11-18'),
                                                                                                     (52, 26, 2, 234567890, '2023-11-17'),
                                                                                                     (53, 27, 1, 123456789, '2023-11-18'),
                                                                                                     (54, 27, 2, 987654321, '2023-11-17'),
                                                                                                     (55, 28, 1, 567890123, '2023-11-18'),
                                                                                                     (56, 28, 2, 456789012, '2023-11-17'),
                                                                                                     (57, 29, 1, 345678901, '2023-11-18'),
                                                                                                     (58, 29, 2, 234567890, '2023-11-17'),
                                                                                                     (59, 30, 1, 123456789, '2023-11-18'),
                                                                                                     (60, 30, 2, 987654321, '2023-11-17'),
                                                                                                     (61, 31, 1, 567890123, '2023-11-18'),
                                                                                                     (62, 31, 2, 456789012, '2023-11-17'),
                                                                                                     (63, 32, 1, 345678901, '2023-11-18'),
                                                                                                     (64, 32, 2, 234567890, '2023-11-17'),
                                                                                                     (65, 33, 1, 123456789, '2023-11-18'),
                                                                                                     (66, 33, 2, 987654321, '2023-11-17'),
                                                                                                     (67, 34, 1, 567890123, '2023-11-18'),
                                                                                                     (68, 34, 2, 456789012, '2023-11-17'),
                                                                                                     (69, 35, 1, 345678901, '2023-11-18'),
                                                                                                     (70, 35, 2, 234567890, '2023-11-17'),
                                                                                                     (71, 36, 1, 123456789, '2023-11-18'),
                                                                                                     (72, 36, 2, 987654321, '2023-11-17'),
                                                                                                     (73, 37, 1, 567890123, '2023-11-18'),
                                                                                                     (74, 37, 2, 456789012, '2023-11-17'),
                                                                                                     (75, 38, 1, 345678901, '2023-11-18'),
                                                                                                     (76, 38, 2, 234567890, '2023-11-17'),
                                                                                                     (77, 39, 1, 123456789, '2023-11-18'),
                                                                                                     (78, 39, 2, 987654321, '2023-11-17'),
                                                                                                     (79, 40, 1, 567890123, '2023-11-18'),
                                                                                                     (80, 40, 2, 456789012, '2023-11-17'),
                                                                                                     (81, 41, 1, 345678901, '2023-11-18'),
                                                                                                     (82, 41, 2, 234567890, '2023-11-17'),
                                                                                                     (83, 42, 1, 123456789, '2023-11-18'),
                                                                                                     (84, 42, 2, 987654321, '2023-11-17'),
                                                                                                     (85, 43, 1, 567890123, '2023-11-18'),
                                                                                                     (86, 43, 2, 456789012, '2023-11-17'),
                                                                                                     (87, 44, 1, 345678901, '2023-11-18'),
                                                                                                     (88, 44, 2, 234567890, '2023-11-17'),
                                                                                                     (89, 45, 1, 123456789, '2023-11-18'),
                                                                                                     (90, 45, 2, 987654321, '2023-11-17'),
                                                                                                     (91, 46, 1, 567890123, '2023-11-18'),
                                                                                                     (92, 46, 2, 456789012, '2023-11-17'),
                                                                                                     (93, 47, 1, 345678901, '2023-11-18'),
                                                                                                     (94, 47, 2, 234567890, '2023-11-17'),
                                                                                                     (95, 48, 1, 123456789, '2023-11-18'),
                                                                                                     (96, 48, 2, 987654321, '2023-11-17'),
                                                                                                     (97, 49, 1, 567890123, '2023-11-18'),
                                                                                                     (98, 49, 2, 456789012, '2023-11-17'),
                                                                                                     (99, 50, 1, 345678901, '2023-11-18'),
                                                                                                     (100, 50, 2, 234567890, '2023-11-17'),
                                                                                                     (101, 51, 1, 123456789, '2023-11-18'),
                                                                                                     (102, 51, 2, 987654321, '2023-11-17'),
                                                                                                     (103, 52, 1, 567890123, '2023-11-18'),
                                                                                                     (104, 52, 2, 456789012, '2023-11-17'),
                                                                                                     (105, 53, 1, 345678901, '2023-11-18'),
                                                                                                     (106, 53, 2, 234567890, '2023-11-17'),
                                                                                                     (107, 54, 1, 123456789, '2023-11-18'),
                                                                                                     (108, 54, 2, 987654321, '2023-11-17'),
                                                                                                     (109, 55, 1, 567890123, '2023-11-18'),
                                                                                                     (110, 55, 2, 456789012, '2023-11-17'),
                                                                                                     (111, 56, 1, 345678901, '2023-11-18'),
                                                                                                     (112, 56, 2, 234567890, '2023-11-17'),
                                                                                                     (113, 57, 1, 123456789, '2023-11-18'),
                                                                                                     (114, 57, 2, 987654321, '2023-11-17'),
                                                                                                     (115, 58, 1, 567890123, '2023-11-18'),
                                                                                                     (116, 58, 2, 456789012, '2023-11-17'),
                                                                                                     (117, 59, 1, 345678901, '2023-11-18'),
                                                                                                     (118, 59, 2, 234567890, '2023-11-17'),
                                                                                                     (119, 60, 1, 123456789, '2023-11-18'),
                                                                                                     (120, 60, 2, 987654321, '2023-11-17'),
                                                                                                     (121, 61, 1, 567890123, '2023-11-18'),
                                                                                                     (122, 61, 2, 456789012, '2023-11-17'),
                                                                                                     (123, 62, 1, 345678901, '2023-11-18'),
                                                                                                     (124, 62, 2, 234567890, '2023-11-17'),
                                                                                                     (125, 63, 1, 123456789, '2023-11-18'),
                                                                                                     (126, 63, 2, 987654321, '2023-11-17'),
                                                                                                     (127, 64, 1, 567890123, '2023-11-18'),
                                                                                                     (128, 64, 2, 456789012, '2023-11-17'),
                                                                                                     (129, 65, 1, 345678901, '2023-11-18'),
                                                                                                     (130, 65, 2, 234567890, '2023-11-17'),
                                                                                                     (131, 66, 1, 123456789, '2023-11-18'),
                                                                                                     (132, 66, 2, 987654321, '2023-11-17'),
                                                                                                     (133, 67, 1, 567890123, '2023-11-18'),
                                                                                                     (134, 67, 2, 456789012, '2023-11-17'),
                                                                                                     (135, 68, 1, 345678901, '2023-11-18'),
                                                                                                     (136, 68, 2, 234567890, '2023-11-17'),
                                                                                                     (137, 69, 1, 123456789, '2023-11-18'),
                                                                                                     (138, 69, 2, 987654321, '2023-11-17'),
                                                                                                     (139, 70, 1, 567890123, '2023-11-18'),
                                                                                                     (140, 70, 2, 456789012, '2023-11-17'),
                                                                                                     (141, 71, 1, 345678901, '2023-11-18'),
                                                                                                     (142, 71, 2, 234567890, '2023-11-17'),
                                                                                                     (143, 72, 1, 123456789, '2023-11-18'),
                                                                                                     (144, 72, 2, 987654321, '2023-11-17'),
                                                                                                     (145, 73, 1, 567890123, '2023-11-18'),
                                                                                                     (150, 76, 1, 567890123, '2023-11-18'),
                                                                                                     (151, 77, 1, 345678901, '2023-11-18'),
                                                                                                     (152, 77, 2, 234567890, '2023-11-17'),
                                                                                                     (153, 78, 1, 123456789, '2023-11-18'),
                                                                                                     (154, 78, 2, 987654321, '2023-11-17'),
                                                                                                     (155, 79, 1, 567890123, '2023-11-18'),
                                                                                                     (156, 79, 2, 345678901, '2023-11-17'),
                                                                                                     (157, 80, 1, 234567890, '2023-11-18'),
                                                                                                     (158, 80, 2, 123456789, '2023-11-17'),
                                                                                                     (159, 81, 1, 987654321, '2023-11-18'),
                                                                                                     (160, 81, 2, 567890123, '2023-11-17'),
                                                                                                     (161, 82, 1, 345678901, '2023-11-18'),
                                                                                                     (162, 82, 2, 234567890, '2023-11-17'),
                                                                                                     (163, 83, 1, 123456789, '2023-11-18'),
                                                                                                     (164, 83, 2, 987654321, '2023-11-17'),
                                                                                                     (165, 84, 1, 567890123, '2023-11-18'),
                                                                                                     (166, 84, 2, 345678901, '2023-11-17'),
                                                                                                     (167, 85, 1, 234567890, '2023-11-18'),
                                                                                                     (168, 85, 2, 123456789, '2023-11-17'),
                                                                                                     (169, 86, 1, 987654321, '2023-11-18'),
                                                                                                     (170, 86, 2, 567890123, '2023-11-17'),
                                                                                                     (171, 87, 1, 345678901, '2023-11-18'),
                                                                                                     (172, 87, 2, 234567890, '2023-11-17'),
                                                                                                     (173, 88, 1, 123456789, '2023-11-18'),
                                                                                                     (174, 88, 2, 987654321, '2023-11-17'),
                                                                                                     (175, 89, 1, 567890123, '2023-11-18'),
                                                                                                     (176, 89, 2, 345678901, '2023-11-17'),
                                                                                                     (177, 90, 1, 234567890, '2023-11-18'),
                                                                                                     (178, 90, 2, 123456789, '2023-11-17'),
                                                                                                     (179, 91, 1, 987654321, '2023-11-18'),
                                                                                                     (180, 91, 2, 567890123, '2023-11-17'),
                                                                                                     (181, 92, 1, 345678901, '2023-11-18'),
                                                                                                     (182, 92, 2, 234567890, '2023-11-17'),
                                                                                                     (183, 93, 1, 123456789, '2023-11-18'),
                                                                                                     (184, 93, 2, 987654321, '2023-11-17'),
                                                                                                     (185, 94, 1, 567890123, '2023-11-18'),
                                                                                                     (186, 94, 2, 345678901, '2023-11-17'),
                                                                                                     (187, 95, 1, 234567890, '2023-11-18'),
                                                                                                     (188, 95, 2, 123456789, '2023-11-17'),
                                                                                                     (189, 96, 1, 987654321, '2023-11-18'),
                                                                                                     (190, 96, 2, 567890123, '2023-11-17'),
                                                                                                     (191, 97, 1, 345678901, '2023-11-18'),
                                                                                                     (192, 97, 2, 234567890, '2023-11-17'),
                                                                                                     (193, 98, 1, 123456789, '2023-11-18'),
                                                                                                     (194, 98, 2, 987654321, '2023-11-17'),
                                                                                                     (195, 99, 1, 567890123, '2023-11-18'),
                                                                                                     (196, 99, 2, 345678901, '2023-11-17'),
                                                                                                     (197, 100, 1, 234567890, '2023-11-18'),
                                                                                                     (198, 100, 2, 123456789, '2023-11-17'),
                                                                                                     (199, 101, 1, 987654321, '2023-11-18'),
                                                                                                     (200, 101, 2, 567890123, '2023-11-17'),
                                                                                                     (201, 102, 1, 345678901, '2023-11-18'),
                                                                                                     (202, 102, 2, 234567890, '2023-11-17'),
                                                                                                     (203, 103, 1, 123456789, '2023-11-18'),
                                                                                                     (204, 103, 2, 987654321, '2023-11-17'),
                                                                                                     (205, 104, 1, 567890123, '2023-11-18'),
                                                                                                     (206, 104, 2, 345678901, '2023-11-17'),
                                                                                                     (207, 105, 1, 234567890, '2023-11-18'),
                                                                                                     (208, 105, 2, 123456789, '2023-11-17'),
                                                                                                     (209, 106, 1, 987654321, '2023-11-18'),
                                                                                                     (210, 106, 2, 567890123, '2023-11-17'),
                                                                                                     (211, 107, 1, 345678901, '2023-11-18'),
                                                                                                     (212, 107, 2, 234567890, '2023-11-17'),
                                                                                                     (213, 108, 1, 123456789, '2023-11-18'),
                                                                                                     (214, 108, 2, 987654321, '2023-11-17'),
                                                                                                     (215, 109, 1, 567890123, '2023-11-18'),
                                                                                                     (216, 109, 2, 345678901, '2023-11-17'),
                                                                                                     (217, 110, 1, 234567890, '2023-11-18'),
                                                                                                     (218, 110, 2, 123456789, '2023-11-17'),
                                                                                                     (219, 111, 1, 987654321, '2023-11-18'),
                                                                                                     (220, 111, 2, 567890123, '2023-11-17'),
                                                                                                     (221, 112, 1, 345678901, '2023-11-18'),
                                                                                                     (222, 112, 2, 234567890, '2023-11-17'),
                                                                                                     (223, 113, 1, 123456789, '2023-11-18'),
                                                                                                     (224, 113, 2, 987654321, '2023-11-17'),
                                                                                                     (225, 114, 1, 567890123, '2023-11-18'),
                                                                                                     (226, 114, 2, 345678901, '2023-11-17'),
                                                                                                     (227, 115, 1, 234567890, '2023-11-18'),
                                                                                                     (228, 115, 2, 123456789, '2023-11-17'),
                                                                                                     (229, 116, 1, 987654321, '2023-11-18'),
                                                                                                     (230, 116, 2, 567890123, '2023-11-17'),
                                                                                                     (231, 117, 1, 345678901, '2023-11-18'),
                                                                                                     (232, 117, 2, 234567890, '2023-11-17'),
                                                                                                     (233, 118, 1, 123456789, '2023-11-18'),
                                                                                                     (234, 118, 2, 987654321, '2023-11-17'),
                                                                                                     (235, 119, 1, 567890123, '2023-11-18'),
                                                                                                     (236, 119, 2, 345678901, '2023-11-17'),
                                                                                                     (237, 120, 1, 234567890, '2023-11-18'),
                                                                                                     (238, 120, 2, 123456789, '2023-11-17'),
                                                                                                     (239, 121, 1, 987654321, '2023-11-18'),
                                                                                                     (240, 121, 2, 567890123, '2023-11-17'),
                                                                                                     (241, 122, 1, 345678901, '2023-11-18'),
                                                                                                     (242, 122, 2, 234567890, '2023-11-17'),
                                                                                                     (243, 123, 1, 123456789, '2023-11-18'),
                                                                                                     (244, 123, 2, 987654321, '2023-11-17'),
                                                                                                     (245, 124, 1, 567890123, '2023-11-18'),
                                                                                                     (246, 124, 2, 345678901, '2023-11-17'),
                                                                                                     (247, 125, 1, 234567890, '2023-11-18'),
                                                                                                     (248, 125, 2, 123456789, '2023-11-17'),
                                                                                                     (249, 126, 1, 987654321, '2023-11-18'),
                                                                                                     (250, 126, 2, 567890123, '2023-11-17'),
                                                                                                     (251, 127, 1, 345678901, '2023-11-18'),
                                                                                                     (252, 127, 2, 234567890, '2023-11-17'),
                                                                                                     (253, 128, 1, 123456789, '2023-11-18'),
                                                                                                     (254, 128, 2, 987654321, '2023-11-17'),
                                                                                                     (255, 129, 1, 567890123, '2023-11-18'),
                                                                                                     (256, 129, 2, 345678901, '2023-11-17'),
                                                                                                     (257, 130, 1, 234567890, '2023-11-18'),
                                                                                                     (258, 130, 2, 123456789, '2023-11-17'),
                                                                                                     (259, 131, 1, 987654321, '2023-11-18'),
                                                                                                     (260, 131, 2, 567890123, '2023-11-17'),
                                                                                                     (261, 132, 1, 345678901, '2023-11-18'),
                                                                                                     (262, 132, 2, 234567890, '2023-11-17'),
                                                                                                     (263, 133, 1, 123456789, '2023-11-18'),
                                                                                                     (264, 133, 2, 987654321, '2023-11-17'),
                                                                                                     (265, 134, 1, 567890123, '2023-11-18'),
                                                                                                     (266, 134, 2, 345678901, '2023-11-17'),
                                                                                                     (267, 135, 1, 234567890, '2023-11-18'),
                                                                                                     (268, 135, 2, 123456789, '2023-11-17'),
                                                                                                     (269, 136, 1, 987654321, '2023-11-18'),
                                                                                                     (270, 136, 2, 567890123, '2023-11-17'),
                                                                                                     (271, 137, 1, 345678901, '2023-11-18'),
                                                                                                     (272, 137, 2, 234567890, '2023-11-17'),
                                                                                                     (273, 138, 1, 123456789, '2023-11-18'),
                                                                                                     (274, 138, 2, 987654321, '2023-11-17'),
                                                                                                     (275, 139, 1, 567890123, '2023-11-18'),
                                                                                                     (276, 139, 2, 345678901, '2023-11-17'),
                                                                                                     (277, 140, 1, 234567890, '2023-11-18'),
                                                                                                     (278, 140, 2, 123456789, '2023-11-17'),
                                                                                                     (279, 141, 1, 987654321, '2023-11-18'),
                                                                                                     (280, 141, 2, 567890123, '2023-11-17'),
                                                                                                     (281, 142, 1, 345678901, '2023-11-18'),
                                                                                                     (282, 142, 2, 234567890, '2023-11-17'),
                                                                                                     (283, 143, 1, 123456789, '2023-11-18'),
                                                                                                     (284, 143, 2, 987654321, '2023-11-17'),
                                                                                                     (285, 144, 1, 567890123, '2023-11-18'),
                                                                                                     (286, 144, 2, 345678901, '2023-11-18'),
                                                                                                     (287, 145, 1, 234567890, '2023-11-17'),
                                                                                                     (288, 145, 2, 234567890, '2023-11-17');
